{"cameraMode":{"drawMode":0,"name":"Shaded","section":"Shading Mode"},"sceneLighting":true,"audioPlay":false,"sceneViewState":{"m_AlwaysRefresh":false,"showFog":true,"showSkybox":true,"showFlares":true,"showImageEffects":true,"showParticleSystems":true,"showVisualEffectGraphs":true,"m_FxEnabled":false},"in2DMode":false,"pivot":{"x":324.8609924316406,"y":3.9163732528686525,"z":973.1663208007813},"rotation":{"x":0.35846811532974245,"y":0.10417026281356812,"z":-0.040286675095558169,"w":0.9269334077835083},"size":7.879359722137451,"orthographic":false}