{"cameraMode":{"drawMode":0,"name":"Shaded","section":"Shading Mode"},"sceneLighting":true,"audioPlay":false,"sceneViewState":{"m_AlwaysRefresh":false,"showFog":true,"showSkybox":true,"showFlares":true,"showImageEffects":true,"showParticleSystems":true,"showVisualEffectGraphs":true,"m_FxEnabled":false},"in2DMode":false,"pivot":{"x":328.13421630859377,"y":2.076218843460083,"z":936.1233520507813},"rotation":{"x":-0.09663321077823639,"y":-0.21066276729106904,"z":-0.020795205608010293,"w":0.9727262258529663},"size":1.3192567825317383,"orthographic":false}